Quarter,Revenue_BDT_Million,Operating_Profit_BDT_Million,Average_Headcount,Workforce_Cost_BDT_Million,Scrap_Cost_BDT_Million,Warranty_Cost_BDT_Million,Actual_Units,First_Pass_Yield,Defect_Rate,Units_per_Labour_Hour,Absence_Rate,Average_Overtime_Hours
Q1,63.0,-52.67,71.66666666666667,15.52,1.34,2.21,8400,0.6266833333333334,0.18307619047619048,1.0466666666666666,0.06922647058823529,19.070588235294117
Q2,82.0,-22.71,62.666666666666664,15.08,1.0699999999999998,1.7599999999999998,10000,0.754044,0.12071400000000002,1.4433333333333334,0.05922571428571429,16.031428571428574
Q3,166.0,10.09,87.66666666666667,19.939999999999998,1.04,1.72,18600,0.8898415591397849,0.06702908602150538,1.9883333333333333,0.04589722222222222,9.566666666666666
Q4,280.0,64.02,111.0,24.22,0.74,1.22,28600,0.9548725244755245,0.031740965034965034,2.55,0.03849722222222222,6.300000000000001
