Quarter,Approved_Headcount,Applications,Interviewed,Offers_Made,Offers_Accepted,Hires_Joined,Offer_Acceptance_Rate,Average_Time_to_Fill_Days,Recruitment_Cost_BDT,Hiring_Manager_Satisfaction
Q2,20,263,73,46,20,20,0.43478260869565216,31.46153846153846,651737,4.061538461538461
Q3,32,419,112,71,32,32,0.4507042253521127,32.214285714285715,875062,4.05
Q4,18,207,58,36,18,18,0.5,21.8,493837,4.1899999999999995
