Quarter,Training_Events,Employees_Trained,Training_Hours,Completion_Rate,Certification_Rate,Average_Assessment_Score,Training_Cost_BDT
Q2,35,30,316,0.9142857142857143,0.3142857142857143,74.57142857142857,101411
Q3,53,45,572,1.0,0.4716981132075472,82.11320754716981,169189
Q4,103,72,1142,0.9902912621359223,0.5436893203883495,81.64077669902913,303641
